{
  "25": {
    "class_name": "Z",
    "count": 9,
    "mean_loss": 1.2980443305439422,
    "variance_loss": 0.20326500511184387
  },
  "1": {
    "class_name": "B",
    "count": 2,
    "mean_loss": 3.24398136138916,
    "variance_loss": 0.059986660202866915
  },
  "6": {
    "class_name": "G",
    "count": 1,
    "mean_loss": 3.481834650039673,
    "variance_loss": 0.0
  },
  "11": {
    "class_name": "L",
    "count": 2,
    "mean_loss": 2.8198676109313965,
    "variance_loss": 0.0758639094492537
  },
  "19": {
    "class_name": "T",
    "count": 1,
    "mean_loss": 4.237792015075684,
    "variance_loss": 0.0
  },
  "12": {
    "class_name": "M",
    "count": 1,
    "mean_loss": 3.8042454719543457,
    "variance_loss": 0.0
  },
  "10": {
    "class_name": "K",
    "count": 3,
    "mean_loss": 2.314239581425985,
    "variance_loss": 0.0023170138469102556
  },
  "0": {
    "class_name": "A",
    "count": 7,
    "mean_loss": 2.124331321035113,
    "variance_loss": 0.14626681399924132
  },
  "23": {
    "class_name": "X",
    "count": 3,
    "mean_loss": 3.520002762476603,
    "variance_loss": 0.05837002653631395
  },
  "17": {
    "class_name": "R",
    "count": 1,
    "mean_loss": 4.35768985748291,
    "variance_loss": 0.0
  },
  "13": {
    "class_name": "N",
    "count": 2,
    "mean_loss": 3.211511969566345,
    "variance_loss": 0.04307439825268489
  },
  "24": {
    "class_name": "Y",
    "count": 1,
    "mean_loss": 4.083696365356445,
    "variance_loss": 0.0
  },
  "9": {
    "class_name": "J",
    "count": 2,
    "mean_loss": 2.980924129486084,
    "variance_loss": 0.14040790949547954
  },
  "14": {
    "class_name": "O",
    "count": 1,
    "mean_loss": 3.6399779319763184,
    "variance_loss": 0.0
  },
  "8": {
    "class_name": "I",
    "count": 1,
    "mean_loss": 4.654659271240234,
    "variance_loss": 0.0
  },
  "22": {
    "class_name": "W",
    "count": 1,
    "mean_loss": 4.378201961517334,
    "variance_loss": 0.0
  }
}