{
  "11": {
    "class_name": "L",
    "count": 2,
    "mean_loss": 3.0701327323913574,
    "variance_loss": 0.04013969050913602
  },
  "25": {
    "class_name": "Z",
    "count": 9,
    "mean_loss": 1.449181940820482,
    "variance_loss": 0.03856456028662612
  },
  "1": {
    "class_name": "B",
    "count": 2,
    "mean_loss": 3.1902111768722534,
    "variance_loss": 0.00742426490845105
  },
  "10": {
    "class_name": "K",
    "count": 3,
    "mean_loss": 2.5145665804545083,
    "variance_loss": 0.12986104561089934
  },
  "8": {
    "class_name": "I",
    "count": 1,
    "mean_loss": 3.815016269683838,
    "variance_loss": 0.0
  },
  "0": {
    "class_name": "A",
    "count": 7,
    "mean_loss": 1.8996196814945765,
    "variance_loss": 0.1697887386341602
  },
  "9": {
    "class_name": "J",
    "count": 2,
    "mean_loss": 2.5679957270622253,
    "variance_loss": 0.6499772075336026
  },
  "23": {
    "class_name": "X",
    "count": 3,
    "mean_loss": 3.5135202407836914,
    "variance_loss": 0.14121140148495215
  },
  "6": {
    "class_name": "G",
    "count": 1,
    "mean_loss": 4.053394317626953,
    "variance_loss": 0.0
  },
  "22": {
    "class_name": "W",
    "count": 1,
    "mean_loss": 3.227665424346924,
    "variance_loss": 0.0
  },
  "17": {
    "class_name": "R",
    "count": 1,
    "mean_loss": 3.5351500511169434,
    "variance_loss": 0.0
  },
  "13": {
    "class_name": "N",
    "count": 2,
    "mean_loss": 3.0174187421798706,
    "variance_loss": 0.0005936249022227003
  },
  "14": {
    "class_name": "O",
    "count": 1,
    "mean_loss": 4.232321739196777,
    "variance_loss": 0.0
  },
  "12": {
    "class_name": "M",
    "count": 1,
    "mean_loss": 4.1606879234313965,
    "variance_loss": 0.0
  },
  "19": {
    "class_name": "T",
    "count": 1,
    "mean_loss": 3.3513360023498535,
    "variance_loss": 0.0
  },
  "24": {
    "class_name": "Y",
    "count": 1,
    "mean_loss": 3.8506641387939453,
    "variance_loss": 0.0
  }
}