{
  "0": {
    "class_name": "A",
    "count": 7,
    "mean_loss": 1.7016611439841134,
    "variance_loss": 0.042225125748035996
  },
  "10": {
    "class_name": "K",
    "count": 3,
    "mean_loss": 2.6953701972961426,
    "variance_loss": 0.018855054319828923
  },
  "24": {
    "class_name": "Y",
    "count": 1,
    "mean_loss": 3.6899328231811523,
    "variance_loss": 0.0
  },
  "25": {
    "class_name": "Z",
    "count": 9,
    "mean_loss": 1.6071476936340332,
    "variance_loss": 0.030815173937206453
  },
  "1": {
    "class_name": "B",
    "count": 2,
    "mean_loss": 2.8011574745178223,
    "variance_loss": 0.025001338883612334
  },
  "11": {
    "class_name": "L",
    "count": 2,
    "mean_loss": 3.6735305786132812,
    "variance_loss": 0.22378666064878416
  },
  "12": {
    "class_name": "M",
    "count": 1,
    "mean_loss": 4.299742698669434,
    "variance_loss": 0.0
  },
  "22": {
    "class_name": "W",
    "count": 1,
    "mean_loss": 4.473235607147217,
    "variance_loss": 0.0
  },
  "23": {
    "class_name": "X",
    "count": 3,
    "mean_loss": 2.901193857192993,
    "variance_loss": 0.0009092026040775636
  },
  "6": {
    "class_name": "G",
    "count": 1,
    "mean_loss": 4.63347864151001,
    "variance_loss": 0.0
  },
  "8": {
    "class_name": "I",
    "count": 1,
    "mean_loss": 3.6634469032287598,
    "variance_loss": 0.0
  },
  "19": {
    "class_name": "T",
    "count": 1,
    "mean_loss": 4.473118782043457,
    "variance_loss": 0.0
  },
  "13": {
    "class_name": "N",
    "count": 2,
    "mean_loss": 3.0833446979522705,
    "variance_loss": 0.09281197032134969
  },
  "9": {
    "class_name": "J",
    "count": 2,
    "mean_loss": 3.1184439659118652,
    "variance_loss": 0.0026374147346359678
  },
  "14": {
    "class_name": "O",
    "count": 1,
    "mean_loss": 3.9661550521850586,
    "variance_loss": 0.0
  },
  "17": {
    "class_name": "R",
    "count": 1,
    "mean_loss": 4.282564163208008,
    "variance_loss": 0.0
  }
}